3,HCLTECH,EQ,28-Mar-16,817.7,819.9,826.5,806.45,810.65,810.65,817.2,2957244,2416650727,93153
3,HCLTECH,EQ,29-Mar-16,810.65,814.6,816.2,799.9,807,806.8,806.79,2531685,2042529116,58465
3,HCLTECH,EQ,30-Mar-16,806.8,805.45,822,805.45,821,820.6,816.06,2302342,1878858581,85561
3,HCLTECH,EQ,31-Mar-16,820.6,815,824.5,809.9,813.4,814.1,815.78,4586967,3741972144,90692
3,HCLTECH,EQ,1-Apr-16,814.1,820,824,807,822.5,820.4,818.55,2664808,2181281641,120907
3,HCLTECH,EQ,4-Apr-16,820.4,815,841.95,815,840,839.85,833.02,2830985,2358276808,91428
3,HCLTECH,EQ,5-Apr-16,839.85,839.85,848.9,832.55,841.6,843.25,841.85,2499888,2104533544,62406
3,HCLTECH,EQ,6-Apr-16,843.25,847,847.95,826.1,840.15,838.75,838.35,1082920,907867894.8,42606
3,HCLTECH,EQ,7-Apr-16,838.75,846.9,846.9,827,828.1,828.45,833.7,940830,784366939,26684
3,HCLTECH,EQ,8-Apr-16,828.45,831.85,836,825.6,834.55,833.1,831.27,722892,600917105.1,25139
3,HCLTECH,EQ,11-Apr-16,833.1,836.45,841.95,824.4,837.45,839.3,832.83,970273,808076542.5,37551
3,HCLTECH,EQ,12-Apr-16,839.3,843,845,831.25,839,839.65,837.08,709686,594062161.1,37965
3,HCLTECH,EQ,13-Apr-16,839.65,844.95,846.5,835.15,836,837.55,839.92,1318204,1107189006,40218
3,HCLTECH,EQ,18-Apr-16,837.55,845.05,860.65,845,852.9,853.3,853.93,2926522,2499053021,90927
3,HCLTECH,EQ,20-Apr-16,853.3,862.5,862.5,835.5,841.9,841.2,843.66,1389011,1171859311,56702
3,HCLTECH,EQ,21-Apr-16,841.2,844,855.35,838.5,846,846.25,849.57,1117527,949415042.1,41235
3,HCLTECH,EQ,22-Apr-16,846.25,838.35,852.9,838.35,846,845.15,845.94,1110859,939719011.1,34387
3,HCLTECH,EQ,25-Apr-16,845.15,841.25,850,841.25,847.35,845.1,846.44,831430,703756974.5,20568
3,HCLTECH,EQ,26-Apr-16,845.1,839.05,855.4,833.15,850.95,849.8,844.78,1128563,953392478.1,33252
3,HCLTECH,EQ,27-Apr-16,849.8,849.5,855.9,831.05,834.85,837.55,839.59,2275086,1910148235,54966
3,HCLTECH,EQ,28-Apr-16,837.55,805,823,796.65,799.3,799.9,806.87,8921956,7198886132,201481
3,HCLTECH,EQ,29-Apr-16,799.9,794,794,747.2,750.25,750.3,759.31,8989331,6825688502,191352
3,HCLTECH,EQ,2-May-16,750.3,750,756.3,740.1,742.5,742.2,745.19,2510583,1870866042,70294
3,HCLTECH,EQ,3-May-16,742.2,747,747.55,726.05,728.1,728.4,736.03,3499904,2576034701,103238
3,HCLTECH,EQ,4-May-16,728.4,727,740.5,726.25,735,737.1,735.89,3202055,2356354935,97988
3,HCLTECH,EQ,5-May-16,737.1,736.8,739.8,725.5,731,732.9,732.76,2538933,1860436412,79069
3,HCLTECH,EQ,6-May-16,732.9,732.95,732.95,721,721.05,722.6,725.26,3068239,2225276653,72632
3,HCLTECH,EQ,9-May-16,722.6,724,733,718.25,719.2,721.4,725.47,3692451,2678746690,82125
3,HCLTECH,EQ,10-May-16,721.4,723.5,724.2,716.1,717.55,718.8,720.72,2700968,1946649496,97670
3,HCLTECH,EQ,11-May-16,718.8,711,716.8,706.4,707.8,708.75,711.7,4210844,2996877093,63619
3,HCLTECH,EQ,12-May-16,708.75,711,718.9,709.5,714.05,714.7,714.35,1779323,1271066725,46165
3,HCLTECH,EQ,13-May-16,714.7,718,727,713,721.5,723.15,722.66,3575454,2583835332,69072
3,HCLTECH,EQ,16-May-16,723.15,725.55,725.6,716.15,718,718.95,721.41,1616514,1166162337,44239
3,HCLTECH,EQ,17-May-16,718.95,720,739,720,731.5,732.3,731.83,3917360,2866829086,69654
3,HCLTECH,EQ,18-May-16,732.3,732,744.6,727,741,742.25,740.03,2124598,1572275098,65910
3,HCLTECH,EQ,19-May-16,742.25,738,744,727.5,728.1,730.1,735.27,1745341,1283290874,55685
3,HCLTECH,EQ,20-May-16,730.1,729,740,729,736.75,736.65,736.09,1923380,1415788968,57107
3,HCLTECH,EQ,23-May-16,736.65,738.35,739.85,732,732.25,733.55,734.4,1038296,762526309.1,66470
3,HCLTECH,EQ,24-May-16,733.55,735,741.45,730.05,739.6,739.25,737.94,1395015,1029434337,47318
3,HCLTECH,EQ,25-May-16,739.25,742,750.4,740.15,748.5,749.35,747.23,1686747,1260386737,56366
3,HCLTECH,EQ,26-May-16,749.35,751.05,752,736.65,741.75,740.9,742.39,3231109,2398751742,69698
3,HCLTECH,EQ,27-May-16,740.9,742.6,759.7,742.6,756,757.6,753.22,3045095,2293628153,65380
3,HCLTECH,EQ,30-May-16,757.6,761.1,763.7,745.2,748,747.55,750.69,1593326,1196097520,59611
3,HCLTECH,EQ,31-May-16,747.55,748,753.35,736.35,739.1,739.8,740.36,15048108,11140952563,77186
3,HCLTECH,EQ,1-Jun-16,739.8,744,744.35,731.7,735.8,734.55,737.03,2246778,1655934630,46325
3,HCLTECH,EQ,2-Jun-16,734.55,735,739.6,715.5,721.5,721.35,721.53,4293828,3098145310,84486
3,HCLTECH,EQ,3-Jun-16,721.35,725.3,726.45,720.7,722,721.9,723.48,1503353,1087642550,54588
3,HCLTECH,EQ,6-Jun-16,721.9,722,728.7,715.6,725.25,724.6,722.77,2040535,1474840838,38041
3,HCLTECH,EQ,7-Jun-16,724.6,728,731.45,721.6,727.5,726.7,726.57,2492188,1810755888,73292
3,HCLTECH,EQ,8-Jun-16,726.7,729,745,728.35,744.4,743.5,738.53,1900304,1403440637,70602
3,HCLTECH,EQ,9-Jun-16,743.5,748.7,755.9,744,751.1,753.05,751.8,2778851,2089137658,98310
3,HCLTECH,EQ,10-Jun-16,753.05,750,758,745.95,750,751.05,752.68,5785832,4354884311,57122
3,HCLTECH,EQ,13-Jun-16,751.05,745,756,741.7,754,753.65,751.7,2065113,1552350052,64366
3,HCLTECH,EQ,14-Jun-16,753.65,755,764.95,744.05,750.1,752.4,752.15,1646371,1238321006,43171
3,HCLTECH,EQ,15-Jun-16,752.4,751,757.3,749.95,755.2,755.2,754.78,979272,739135820.8,40375
3,HCLTECH,EQ,16-Jun-16,755.2,752.55,754,742.5,746.4,751.7,746.73,1133152,846154137.4,59721
3,HCLTECH,EQ,17-Jun-16,751.7,750,755,747.85,752.15,753.65,751.53,2717006,2041900312,54566
3,HCLTECH,EQ,20-Jun-16,753.65,749.95,781.45,747.85,769.9,770.65,772.06,4132686,3190689957,141265
3,HCLTECH,EQ,21-Jun-16,770.65,768.5,775.8,766.2,770,770.1,770.46,1466470,1129856372,61398
3,HCLTECH,EQ,22-Jun-16,770.1,774,774,766.3,770.05,770.45,770.45,1567059,1207333747,38679
3,HCLTECH,EQ,23-Jun-16,770.45,770,772,762,770.4,769.8,766.69,1292218,990736966.8,49318
3,HCLTECH,EQ,24-Jun-16,769.8,743.95,746.7,723.3,742,741.85,736.94,3081689,2271027640,120409
3,HCLTECH,EQ,27-Jun-16,741.85,730.2,749,721,736,735.05,736.3,1443753,1063032314,78436
3,HCLTECH,EQ,28-Jun-16,735.05,729,737.5,711.15,712.85,713.2,724.55,2842681,2059671187,102566
3,HCLTECH,EQ,29-Jun-16,713.2,715.7,729.95,708,728.95,728.45,719.42,2483234,1786490524,65712
3,HCLTECH,EQ,30-Jun-16,728.45,729.2,735.45,726.4,729.7,730.45,730.72,2396993,1751535234,81785
3,HCLTECH,EQ,1-Jul-16,730.45,735,736.8,730,730,731.7,732.84,1011883,741548739.8,50053
3,HCLTECH,EQ,4-Jul-16,731.7,735,750,734.05,747.45,748.35,744.87,1631809,1215491504,53287
3,HCLTECH,EQ,5-Jul-16,748.35,748,748,732.2,738.3,738.4,738.81,1867820,1379967697,44635
3,HCLTECH,EQ,7-Jul-16,738.4,741,741,715.75,717.3,717.1,719.45,3432568,2469544582,123012
3,HCLTECH,EQ,8-Jul-16,717.1,715,725.75,715,722.5,721.85,721.73,851316,614420879.4,49418
3,HCLTECH,EQ,11-Jul-16,721.85,722,726.6,715.05,718.25,716.8,719.05,2124375,1527529377,54886
3,HCLTECH,EQ,12-Jul-16,716.8,718,723.3,716.05,722.35,721.35,718.88,1614918,1160939613,51833
3,HCLTECH,EQ,13-Jul-16,721.35,722.5,724,716.6,720,720,720.25,3356550,2417544818,32637
3,HCLTECH,EQ,14-Jul-16,720,721.5,729.9,719.6,729.5,728.25,726.08,1084386,787354789.5,26849
3,HCLTECH,EQ,15-Jul-16,728.25,732.9,740,710.25,715.45,717.5,723.66,2967531,2147469799,75705
3,HCLTECH,EQ,18-Jul-16,717.5,722.2,724.7,715,723.7,722.5,722.05,928673,670545154.5,25153
3,HCLTECH,EQ,19-Jul-16,722.5,717.75,731.7,717.75,731,730.15,727.96,1734756,1262841090,45442
3,HCLTECH,EQ,20-Jul-16,730.15,724.9,731.9,716.6,730.9,730,724.59,1222225,885611538.7,35104
3,HCLTECH,EQ,21-Jul-16,730,730,730.9,720.15,725,723.55,722.4,885024,639343652.3,19412
3,HCLTECH,EQ,22-Jul-16,723.55,725,730,721.6,729.5,729.2,727.51,914314,665173389.5,28218
3,HCLTECH,EQ,25-Jul-16,729.2,729.5,741,725,740,740.4,736.09,1488302,1095526801,49079
3,HCLTECH,EQ,26-Jul-16,740.4,738.9,747.4,736.25,746.65,745.25,743.16,1349165,1002650481,30980
3,HCLTECH,EQ,27-Jul-16,745.25,747,754.9,742.5,753.4,753.5,749.91,1677289,1257819951,29257
3,HCLTECH,EQ,28-Jul-16,753.5,757.5,758.95,746.1,747,750.8,751.16,2277034,1710418092,33377
3,HCLTECH,EQ,29-Jul-16,750.8,749,758,745.5,752.15,752.95,753.02,847328,638054736.7,24720
3,HCLTECH,EQ,1-Aug-16,752.95,753,791,752.5,778,780.45,773.17,3026539,2340028479,77579
3,HCLTECH,EQ,2-Aug-16,780.45,785.85,804.9,781.15,799.55,800.75,793.75,4700089,3730682955,80878
3,HCLTECH,EQ,3-Aug-16,800.75,857,858.5,816.35,825.7,826.15,833.11,9552545,7958305262,202091
3,HCLTECH,EQ,4-Aug-16,826.15,833,836,820.1,823,823.85,827.01,1485837,1228797216,57153
3,HCLTECH,EQ,5-Aug-16,823.85,824.8,831.45,817.3,820.6,821.75,824.35,1300356,1071954957,54692
3,HCLTECH,EQ,8-Aug-16,821.75,822,829.4,811.6,818,819.1,819.13,1514566,1240631220,53431
3,HCLTECH,EQ,9-Aug-16,819.1,821,824.6,811.05,818.5,816.85,818.1,1240369,1014751370,32306
3,HCLTECH,EQ,10-Aug-16,816.85,816.75,820,805.55,817.95,818.15,815.62,1152698,940165761.9,27158
3,HCLTECH,EQ,11-Aug-16,818.15,820,827.45,813.8,825.05,824.55,822.33,1739623,1430544241,33086
3,HCLTECH,EQ,12-Aug-16,824.55,826.05,835.5,807,813.65,814.2,824.16,1651570,1361162213,46670
3,HCLTECH,EQ,16-Aug-16,814.2,813.2,823.8,785.55,796,792.35,805.29,2244771,1807694264,60308
3,HCLTECH,EQ,17-Aug-16,792.35,790,800.85,782,784.55,784.55,789.04,2367829,1868318655,95093
3,HCLTECH,EQ,18-Aug-16,784.55,789.8,792.4,780.1,785,785.8,787.47,1541722,1214058423,86181
3,HCLTECH,EQ,19-Aug-16,785.8,785,794.4,779.6,779.65,781.85,784.11,1309172,1026528620,57471
3,HCLTECH,BT,22-Aug-16,580,783.65,784.05,783.65,-,784.05,783.86,99,77602.55,2
3,HCLTECH,EQ,22-Aug-16,781.85,784.95,787.35,765,769.05,772.25,773.46,1346765,1041670672,49547
3,HCLTECH,EQ,23-Aug-16,772.25,776,795.85,771.6,789,791,790.24,1707691,1349478325,51775
3,HCLTECH,EQ,24-Aug-16,791,795,798.35,781.1,792,790.35,789.7,1208724,954534127.5,27128
3,HCLTECH,EQ,25-Aug-16,790.35,798,805,794.05,798,798.05,800.06,2212911,1770463032,53873
3,HCLTECH,EQ,26-Aug-16,798.05,798,800.45,772.8,779,778.75,783.9,1662032,1302867615,64434
3,HCLTECH,EQ,29-Aug-16,778.75,782.95,782.95,751.1,755.1,755.1,758.36,1530452,1160635720,72594
3,HCLTECH,EQ,30-Aug-16,755.1,756,775.75,753.9,771,773.9,770.99,2160269,1665550288,64636
3,HCLTECH,EQ,31-Aug-16,773.9,774,793.45,773.05,778,778.55,784.08,2792176,2189301649,112792
3,HCLTECH,EQ,1-Sep-16,778.55,781.3,789.55,779.1,784,783.8,782.88,1298758,1016765813,54256
3,HCLTECH,EQ,2-Sep-16,783.8,786.95,787.5,779.1,783,784.55,783.59,1131826,886884020.5,41301
3,HCLTECH,EQ,6-Sep-16,784.55,780.25,788.3,774.7,786.9,785.6,780.95,1522299,1188845780,75207
3,HCLTECH,EQ,7-Sep-16,785.6,791.9,807,783,784.5,787.1,795.36,1789682,1423447270,53502
3,HCLTECH,EQ,8-Sep-16,787.1,781.5,781.9,750.5,772,773.95,768.95,2579366,1983395282,99516
3,HCLTECH,EQ,9-Sep-16,773.95,774,789.5,773,778,780.55,783.53,1467060,1149481825,62193
3,HCLTECH,EQ,12-Sep-16,780.55,772,792.1,770,780.2,782.7,783.21,2385247,1868144862,95988
3,HCLTECH,EQ,14-Sep-16,782.7,784.65,794.65,775,778.5,776.35,785.1,1623566,1274656933,48833
3,HCLTECH,EQ,15-Sep-16,776.35,782.95,784.5,775,779.1,779,779.14,953499,742905111.4,36650
3,HCLTECH,EQ,16-Sep-16,779,782,790.95,774,784.7,786.35,781.95,2159427,1688573194,61889
3,HCLTECH,EQ,19-Sep-16,786.35,790,798.2,781.9,789,789.05,792.39,1883283,1492297437,57886
3,HCLTECH,EQ,20-Sep-16,789.05,794.95,795.75,784.5,792.5,792.05,790.49,1515605,1198075066,56821
3,HCLTECH,EQ,21-Sep-16,792.05,793.95,798,788.5,788.5,792.6,794.11,1403065,1114185642,65336
3,HCLTECH,EQ,22-Sep-16,792.6,799,799.95,783.8,793,788.85,789.74,1117361,882429725.3,50481
3,HCLTECH,EQ,23-Sep-16,788.85,794.65,804,792.4,795,797.25,799.42,2605785,2083124400,79103
3,HCLTECH,EQ,26-Sep-16,797.25,795.05,796.95,785.65,788,788.95,790.88,1825995,1444138354,34719
3,HCLTECH,EQ,27-Sep-16,788.95,788.95,799.8,784,797.15,795.85,790.92,1631598,1290468403,55624
3,HCLTECH,EQ,28-Sep-16,795.85,798,801.9,790,799,796.3,796.87,1533187,1221757673,56395
3,HCLTECH,EQ,29-Sep-16,796.3,799,804.6,781.3,788,791.05,793.93,2846344,2259784568,36859
3,HCLTECH,EQ,30-Sep-16,791.05,797,804,787,800,799.9,798.07,1831300,1461498492,51340
3,HCLTECH,EQ,3-Oct-16,799.9,805,812,794.4,811,808.6,802.73,1516868,1217632556,62820
3,HCLTECH,EQ,4-Oct-16,808.6,812.5,821,810,817.2,818.15,817.02,1506687,1230988259,55822
3,HCLTECH,EQ,5-Oct-16,818.15,818.25,823.25,806.25,815,816,814.31,798470,650202069.9,34096
3,HCLTECH,EQ,6-Oct-16,816,816,816.75,797.2,803.6,801.55,801.49,1588731,1273348031,46179
3,HCLTECH,EQ,7-Oct-16,801.55,802.15,809.45,785.3,806.25,806.55,797.9,767927,612730140.5,34843
3,HCLTECH,EQ,10-Oct-16,806.55,802,815.85,802,813,813,810.78,769244,623689981.6,19363
3,HCLTECH,EQ,13-Oct-16,813,809.8,825.1,790.65,803,803.3,801.39,2076011,1663703729,62982
3,HCLTECH,EQ,14-Oct-16,803.3,804,822.5,799.85,814,812.7,810.63,1376193,1115578513,51550
3,HCLTECH,EQ,17-Oct-16,812.7,817.6,818,803,811.1,808.4,807.24,740093,597432742.7,34684
3,HCLTECH,EQ,18-Oct-16,808.4,812,836.4,812,833.1,834.8,825.58,1326969,1095524428,52399
3,HCLTECH,EQ,19-Oct-16,834.8,834.6,841.65,826,830,830.55,831.55,2139260,1778904352,51113
3,HCLTECH,EQ,20-Oct-16,830.55,829.55,833,812.05,816.4,815.55,819.25,2488727,2038883443,45013
3,HCLTECH,EQ,21-Oct-16,815.55,823,848.7,821.25,830.45,831.75,835.67,5141259,4296408607,71747
3,HCLTECH,EQ,24-Oct-16,831.75,831.25,836.9,808.65,811,810.65,811.92,1707222,1386131544,53775
3,HCLTECH,EQ,25-Oct-16,810.65,806.75,811.5,802.5,803.5,804.55,805.68,1734565,1397503850,78941
3,HCLTECH,EQ,26-Oct-16,804.55,801.7,803.85,787.6,790.7,790.85,793.86,1611775,1279527192,71218
3,HCLTECH,EQ,27-Oct-16,790.85,784.8,786.65,771.3,776.15,774.3,775.39,2025316,1570413456,70531
3,HCLTECH,EQ,28-Oct-16,774.3,774.15,781.2,760,765,763.15,770.29,2711466,2088608440,75308
3,HCLTECH,EQ,30-Oct-16,763.15,770,774,765,767.25,767.75,768.19,141864,108978256,2908
3,HCLTECH,EQ,1-Nov-16,767.75,771.8,776.4,767,773.9,772.9,772.05,1098171,847838442,58454
3,HCLTECH,EQ,2-Nov-16,772.9,765,773,763,764.4,764.3,766.6,1027083,787358927.1,28366
3,HCLTECH,EQ,3-Nov-16,764.3,765.9,769.25,760.5,760.5,763.1,764.06,1203338,919427919.3,41791
3,HCLTECH,EQ,4-Nov-16,763.1,763,799,763,793,794.75,783.6,2841663,2226725195,53809
3,HCLTECH,EQ,7-Nov-16,794.75,800,827.5,794.9,814,817.2,814.67,2993787,2438938712,58240
3,HCLTECH,EQ,8-Nov-16,817.2,811,815.9,791.25,807.5,809,804.4,1257371,1011424388,47875
3,HCLTECH,EQ,9-Nov-16,809,765,797.75,763.15,789.95,784.85,786.83,2648398,2083850403,68463
3,HCLTECH,EQ,10-Nov-16,784.85,790.05,805.8,776,793,789.65,792.02,1822273,1443270637,123554
3,HCLTECH,EQ,11-Nov-16,789.65,784.85,793,755,766.65,764.1,763.03,2521761,1924190454,66879
3,HCLTECH,EQ,15-Nov-16,764.1,765,787,736,761.5,770.75,767.55,2628788,2017718751,84059
3,HCLTECH,EQ,16-Nov-16,770.75,776,787.95,764.25,770,773.85,776.09,2281346,1770519720,50806
3,HCLTECH,EQ,17-Nov-16,773.85,766,776,756,760.6,760.15,760.23,2688419,2043812816,59938
3,HCLTECH,EQ,18-Nov-16,760.15,757.6,778.95,757.6,761,763.85,769.74,1841117,1417175953,93676
3,HCLTECH,EQ,21-Nov-16,763.85,765,779.5,755.2,759,758.35,766.59,1077860,826279233.4,42075
3,HCLTECH,EQ,22-Nov-16,758.35,765,767.5,755.05,762.4,762.1,763.14,1031823,787430301.8,41064
3,HCLTECH,EQ,23-Nov-16,762.1,763,768.7,756.45,765.05,763.45,761.67,900878,686175533.5,30814
3,HCLTECH,EQ,24-Nov-16,763.45,765,772.65,753,767.15,767.8,764.86,2093744,1601424003,76798
3,HCLTECH,EQ,25-Nov-16,767.8,771.95,812,770.05,799.25,801.95,798.51,2738666,2186857178,84767
3,HCLTECH,EQ,28-Nov-16,801.95,806,811.15,790.35,805,806.05,804.12,1516524,1219469761,34782
3,HCLTECH,EQ,29-Nov-16,806.05,806,813.7,799.3,808.35,805.3,807.26,823680,664920326.4,33410
3,HCLTECH,EQ,30-Nov-16,805.3,810,810.45,798,805,803.8,803.68,1531730,1231027855,57310
3,HCLTECH,EQ,1-Dec-16,803.8,803.9,806.5,792,804.6,803.1,799.03,1256375,1003878243,36374
3,HCLTECH,EQ,2-Dec-16,803.1,801.7,816.9,790,790.1,793.6,805.4,1051697,847036045.9,54030
3,HCLTECH,EQ,5-Dec-16,793.6,789.55,801.45,782.2,797.4,793.4,791.28,753658,596358235.2,20638
3,HCLTECH,EQ,6-Dec-16,793.4,798,801.5,778.4,779.35,780.9,789.32,778814,614732083.2,35223
3,HCLTECH,EQ,7-Dec-16,780.9,786.7,789.1,771.1,788.7,785.35,783.54,810851,635334342.5,37284
3,HCLTECH,EQ,8-Dec-16,785.35,789,797,783,795.4,794.85,792.35,1031818,817560304.4,44713
3,HCLTECH,EQ,9-Dec-16,794.85,797,805.9,783.25,802.5,803.3,800.48,1349777,1080464896,44787
3,HCLTECH,EQ,12-Dec-16,803.3,796,803.55,790.65,800.05,799.8,798.32,1505531,1201891927,73606
3,HCLTECH,EQ,13-Dec-16,799.8,801.05,803.9,791.2,801,800.95,796.78,938976,748158279.9,58100
3,HCLTECH,EQ,14-Dec-16,800.95,806.1,824.3,796.25,822,820.8,814.67,1860577,1515750718,80698
3,HCLTECH,EQ,15-Dec-16,820.8,822,840,822,830,832.15,833.52,2800815,2334542165,86562
3,HCLTECH,EQ,16-Dec-16,832.15,835.8,835.8,815.2,820.6,820.6,820.97,1316441,1080757646,49244
3,HCLTECH,EQ,19-Dec-16,820.6,820.6,826.9,815,826,824.7,822.45,1074079,883376908.5,37947
3,HCLTECH,EQ,20-Dec-16,824.7,825,834.15,824.35,831.8,830.15,829.94,1402284,1163811033,62031
3,HCLTECH,EQ,21-Dec-16,830.15,835,836.8,816.3,819,820.8,826.82,1031894,853195307.7,53689
3,HCLTECH,EQ,22-Dec-16,820.8,818.3,822.9,806,815.2,817.1,814.57,791257,644536634.1,20271
3,HCLTECH,EQ,23-Dec-16,817.1,816,816,791,797.25,793.75,800.24,1452634,1162462866,37147
3,HCLTECH,EQ,26-Dec-16,793.75,791.9,797.8,783.3,788.35,790.4,791.9,558575,442336730.2,22196
3,HCLTECH,EQ,27-Dec-16,790.4,788.9,809.9,787,804,804.85,801.95,505709,405551308.8,25032
3,HCLTECH,EQ,28-Dec-16,804.85,810,817.75,804.15,809.7,807.05,811.81,717216,582245017,42783
3,HCLTECH,EQ,29-Dec-16,807.05,807.1,824.9,805.3,823,819.35,818.83,1780001,1457527049,79405
3,HCLTECH,EQ,30-Dec-16,819.35,822,830,814.9,825.2,827.95,825.08,1025942,846488974.7,50825
3,HCLTECH,EQ,2-Jan-17,827.95,823,834,822.3,825.75,828.5,830.02,421243,349640715.3,18472
3,HCLTECH,EQ,3-Jan-17,828.5,831,837,823.5,835.05,835.15,833.1,718533,598610947.3,29583
3,HCLTECH,EQ,4-Jan-17,835.15,835.55,860,833.05,859.3,856.95,851.42,2116878,1802347656,74651
3,HCLTECH,EQ,5-Jan-17,856.95,860,869.75,840.1,844.55,844.65,857.14,2078807,1781837541,66284
3,HCLTECH,EQ,6-Jan-17,844.65,835,840.3,806.75,813.5,814.4,816.81,2795799,2283641427,63347
3,HCLTECH,EQ,9-Jan-17,814.4,806.5,840.15,805.95,835.2,838.3,827.04,1919794,1587752960,77553
3,HCLTECH,EQ,10-Jan-17,838.3,842.7,844,834.5,837,837.85,838.2,1306967,1095504194,56683
3,HCLTECH,EQ,11-Jan-17,837.85,839.5,844.5,826.75,830.05,833.25,833.68,1383056,1153029227,61387
3,HCLTECH,EQ,12-Jan-17,833.25,830.05,849.9,830.05,846.05,847.7,843.95,1645278,1388530873,61451
3,HCLTECH,EQ,13-Jan-17,847.7,850.2,857.95,838.6,845.15,850.25,850,2286999,1943949868,83673
3,HCLTECH,EQ,16-Jan-17,850.25,847.9,847.9,826.8,828.4,830.55,834.05,1214669,1013091752,33513
3,HCLTECH,EQ,17-Jan-17,830.55,827,843.5,827,835.6,837.75,836.37,2049631,1714243932,29226
3,HCLTECH,EQ,18-Jan-17,837.75,837.5,845.55,836.25,845,844.05,841.83,1084391,912872873.5,43522
3,HCLTECH,EQ,19-Jan-17,844.05,844,851.45,837.6,840.15,844.15,843.66,1056038,890941588.6,43207
3,HCLTECH,EQ,20-Jan-17,844.15,840,845,833.7,835.25,838.75,839.75,1109895,932039533,34452
3,HCLTECH,EQ,23-Jan-17,838.75,834,860.5,828,858.75,857.3,850.62,1984508,1688057849,54386
3,HCLTECH,EQ,24-Jan-17,857.3,842,854,826.9,845.2,848.8,844.89,3695312,3122148548,110340
3,HCLTECH,EQ,25-Jan-17,848.8,853,857.3,837.55,838.65,841.25,846.98,1927869,1632866676,57298
3,HCLTECH,EQ,27-Jan-17,841.25,844,849.9,840.65,841.25,844.2,844.97,1349564,1140346525,43849
3,HCLTECH,EQ,30-Jan-17,844.2,831.1,842.4,828.1,840.3,840.25,836.55,949534,794335974.1,34703
3,HCLTECH,EQ,31-Jan-17,840.25,835.25,837.3,787.1,804.7,811.15,809.83,4822547,3905423713,116281
3,HCLTECH,EQ,1-Feb-17,811.15,805,819.5,778.65,812,813.95,792.96,4516615,3581513590,136713
3,HCLTECH,EQ,2-Feb-17,813.95,814,834.1,810.15,822.5,827.15,824.55,1880043,1550185967,76103
3,HCLTECH,EQ,3-Feb-17,827.15,825,835.7,816.85,832,830.75,826.46,1128529,932682776.2,36229
3,HCLTECH,EQ,6-Feb-17,830.75,835,836.5,816.6,825,824.1,823.99,1092538,900235770.6,48534
3,HCLTECH,EQ,7-Feb-17,824.1,824,827.7,812,814.4,815.7,819.89,1302540,1067939902,58802
3,HCLTECH,EQ,8-Feb-17,815.7,819,819.05,804.75,808.85,808.5,810.88,1412405,1145288953,32780
3,HCLTECH,EQ,9-Feb-17,808.5,810.95,822.3,802.05,819.8,819.7,815.8,1565134,1276830439,60458
3,HCLTECH,EQ,10-Feb-17,819.7,822.1,830,812.3,829.9,828.4,823.91,1775497,1462855641,46490
3,HCLTECH,EQ,13-Feb-17,828.4,831,833.65,821,825.9,827.3,826.86,604628,499941798.1,25643
3,HCLTECH,EQ,14-Feb-17,827.3,829.2,834.45,824.5,831.95,832,830.75,1123252,933143460.5,54170
3,HCLTECH,EQ,15-Feb-17,832,832,838.6,822.6,830.5,830.3,832.57,997883,830803049.9,36136
3,HCLTECH,EQ,16-Feb-17,830.3,827.25,846.9,827.25,844.75,845,841.28,1720661,1447552617,48848
3,HCLTECH,EQ,17-Feb-17,845,850,850,831.1,839.05,839.25,838.23,1039851,871633254.7,43887
3,HCLTECH,EQ,20-Feb-17,839.25,842,847,837.25,846.8,844,842.15,665504,560455923.1,36559
3,HCLTECH,EQ,21-Feb-17,844,844.1,862.5,844.1,849,851.3,855.93,1537048,1315602768,42063
3,HCLTECH,EQ,22-Feb-17,851.3,852.3,865,830.55,833.05,834.2,850.6,1743670,1483174030,71753
3,HCLTECH,EQ,23-Feb-17,834.2,835,851,835,839.9,842.85,843.74,3388092,2858682019,67254
3,HCLTECH,EQ,27-Feb-17,842.85,844.9,851.35,836.05,840.8,839.95,844.59,1192619,1007277466,37840
3,HCLTECH,EQ,28-Feb-17,839.95,844,846,835.85,839.5,840.1,839.79,1143055,959926399.7,62229
3,HCLTECH,EQ,1-Mar-17,840.1,843,851,839.55,846.6,849.1,847.21,1096847,929259045.1,38342
3,HCLTECH,EQ,2-Mar-17,849.1,850,853.5,839.3,839.3,843.75,847.3,867846,735322106.4,32385
3,HCLTECH,EQ,3-Mar-17,843.75,844,854.8,835.15,850.4,852.9,846.62,856232,724903298.2,26372
3,HCLTECH,EQ,6-Mar-17,852.9,850.7,867.7,846.1,854,855.55,858.12,1542308,1323479132,41162
3,HCLTECH,EQ,7-Mar-17,855.55,861.7,861.7,852.2,856,857.35,856.59,747022,639894944.1,33535
3,HCLTECH,EQ,8-Mar-17,857.35,857,858,844.25,847.3,847.7,848.44,729264,618739351.2,41668
3,HCLTECH,EQ,9-Mar-17,847.7,854,854,842.35,845,844.35,845.46,766917,648399677.8,47709
3,HCLTECH,EQ,10-Mar-17,844.35,849.35,858,840.9,846,846.35,848.04,706308,598979525.5,35189
3,HCLTECH,EQ,14-Mar-17,846.35,865,865,850,852,853.6,855.19,1585864,1356210127,60861
3,HCLTECH,EQ,15-Mar-17,853.6,850.5,855.9,837.25,841.15,842.9,842.03,1239266,1043497053,41176
3,HCLTECH,EQ,16-Mar-17,842.9,860.8,863.9,849.6,857,855.4,854.96,1845233,1577599247,56060
3,HCLTECH,EQ,17-Mar-17,855.4,857.25,871,853,866.05,865.75,865.13,1993510,1724635749,47266
3,HCLTECH,EQ,20-Mar-17,865.75,871.95,879,861.15,864,864.35,869.24,1696484,1474655235,59035
3,HCLTECH,EQ,21-Mar-17,864.35,865,874.4,851.95,859.5,859.3,863.25,3683257,3179586912,60255
3,HCLTECH,EQ,22-Mar-17,859.3,850.7,874.7,848.5,870,872.75,869.22,1682118,1462127415,53226
3,HCLTECH,EQ,23-Mar-17,872.75,871.05,880,868.95,876,876.65,875.57,1424139,1246929595,40534
3,HCLTECH,EQ,24-Mar-17,876.65,872.3,876.5,871.15,873.5,873.05,872.96,875510,764288273.5,39203
3,HCLTECH,EQ,27-Mar-17,873.05,868,873.2,847.05,851.65,852.15,858.73,1176930,1010661945,33580
3,HCLTECH,EQ,28-Mar-17,852.15,855.55,870.75,852.15,860,859.9,863.72,898111,775720583.1,45065
3,HCLTECH,EQ,29-Mar-17,859.9,865.4,879.5,859.6,874,877.6,869.01,2121269,1843409355,94223
3,HCLTECH,EQ,30-Mar-17,877.6,870,881.7,865.05,870,875.85,874.66,1463739,1280273303,70770
3,HCLTECH,EQ,31-Mar-17,875.85,884,890.15,867,876,874.75,873.1,2157290,1883532444,98561
3,HCLTECH,EQ,3-Apr-17,874.75,874.1,878.25,858.5,864.9,866.25,865.58,937377,811374325.4,43166
3,HCLTECH,EQ,5-Apr-17,866.25,869,869,846.4,848,850.5,855.43,1789353,1530673462,106860
3,HCLTECH,EQ,6-Apr-17,850.5,848,856.55,847,852,853.5,853.31,1044905,891631799.5,48321
3,HCLTECH,EQ,7-Apr-17,853.5,853.9,858.6,846.9,849.75,849.3,851.02,1029887,876456508.6,41740
3,HCLTECH,EQ,10-Apr-17,849.3,849,857.5,831,833.25,833.05,842.49,742543,625581827.8,38355
3,HCLTECH,EQ,11-Apr-17,833.05,835,838,826,835,833.8,830.38,1310273,1088020164,66693
3,HCLTECH,EQ,12-Apr-17,833.8,831.35,834.95,827,830.2,831.65,831.43,655944,545371845.9,40731
3,HCLTECH,EQ,13-Apr-17,831.65,832.5,832.5,805.4,812.05,809.1,817.43,1146682,937328208.5,58576
3,HCLTECH,EQ,17-Apr-17,809.1,800.15,817.5,800.15,810.5,810.8,811.99,702047,570052403.4,25882
3,HCLTECH,EQ,18-Apr-17,810.8,812,819.95,804,804.9,808.05,815.62,1014282,827266500.3,42676
3,HCLTECH,EQ,19-Apr-17,808.05,806.5,819.55,803.95,809,808.6,812.4,1318100,1070829122,83261
3,HCLTECH,EQ,20-Apr-17,808.6,810.75,815.9,808.6,814.5,814.9,812.4,539804,438537919.7,35804
3,HCLTECH,EQ,21-Apr-17,814.9,817,821.45,807.8,811,812.75,812.5,890155,723254518.7,41719
3,HCLTECH,EQ,24-Apr-17,812.75,813,824,809.25,819.25,819.55,818.25,686984,562126101.6,28705
3,HCLTECH,EQ,25-Apr-17,819.55,824,825.85,813.6,818,819.95,820.29,1097301,900102016.6,34699
3,HCLTECH,EQ,26-Apr-17,819.95,821.9,822,796.55,801,800.25,807.04,959124,774049998.3,49381
3,HCLTECH,EQ,27-Apr-17,800.25,797,820,796.2,809.95,809.7,809.9,2820167,2284059029,94528
3,HCLTECH,EQ,28-Apr-17,809.7,812.9,820,799.75,816.15,814.1,809.9,1397069,1131489459,38736
3,HCLTECH,EQ,2-May-17,814.1,816.15,825.45,811.7,822.1,822.05,821,861366,707179486.2,46267
3,HCLTECH,EQ,3-May-17,822.05,824.95,837.5,821,836,835.1,831.45,994932,827233218.9,27341
3,HCLTECH,EQ,4-May-17,835.1,836.1,842.6,808.15,815.85,818,820.6,1379248,1131805391,36997
3,HCLTECH,EQ,5-May-17,818,820.95,832,814.3,828,829.6,824.66,928408,765617983,39184
3,HCLTECH,EQ,8-May-17,829.6,829.85,845,825.7,842,840.2,835.77,790817,660943809.4,55658
3,HCLTECH,EQ,9-May-17,840.2,845,854.85,839.95,849,849.75,849.48,907261,770699490.9,35511
3,HCLTECH,EQ,10-May-17,849.75,848.75,850.9,838.1,841.1,843.6,843.31,757706,638982329.1,28754
3,HCLTECH,EQ,11-May-17,843.6,857.8,858.8,835.6,841.45,838.7,843.14,3514917,2963566864,88032
3,HCLTECH,EQ,12-May-17,838.7,840,848.2,839.05,847.5,847.65,844.58,1647701,1391621134,40459
3,HCLTECH,EQ,15-May-17,847.65,848.5,850,845,847.05,848.55,848.03,687573,583084609.8,29220
3,HCLTECH,EQ,16-May-17,848.55,850,856.1,848.05,849.45,849.6,850.72,2974402,2530396007,53670
3,HCLTECH,EQ,17-May-17,849.6,852,855.3,842.2,853.95,853.55,848.96,1373559,1166099805,46317
3,HCLTECH,EQ,18-May-17,853.55,850.85,872.25,844.25,845.65,848.4,858.17,3658681,3139776031,58110
3,HCLTECH,EQ,19-May-17,848.4,853,854.5,844.1,845,844.7,846.76,1448031,1226127530,74734
3,HCLTECH,EQ,22-May-17,844.7,850,862.25,848,859,857.45,856.62,2892269,2477562579,75004
3,HCLTECH,EQ,23-May-17,857.45,863,870.8,859.15,864.85,864.9,864.34,3213521,2777568214,104052
3,HCLTECH,EQ,24-May-17,864.9,854.9,857.95,840,852.25,854.85,850.2,2016518,1714447587,74903
3,HCLTECH,EQ,25-May-17,854.85,860.25,867.5,852.6,859,859.6,860.43,2948039,2536574987,66734
3,HCLTECH,EQ,26-May-17,859.6,857.7,866,855.45,858.05,859.1,860.31,1302415,1120478486,74293
3,HCLTECH,EQ,29-May-17,859.1,858.9,872,851.45,864.9,864.45,864.11,1843315,1592819376,42028
3,HCLTECH,EQ,30-May-17,864.45,864.45,871.95,852.95,870,868.15,863,1413415,1219779595,43911
3,HCLTECH,EQ,31-May-17,868.15,864.1,869.3,858.25,860,864.25,864.74,2873557,2484885689,103671
3,HCLTECH,EQ,1-Jun-17,864.25,863,871,859.15,863,862.25,864.48,921583,796692565.2,49078
3,HCLTECH,EQ,2-Jun-17,862.25,862.8,869.7,853.7,857,857.9,862.84,1111787,959298154.9,24197
3,HCLTECH,EQ,5-Jun-17,857.9,856,866.9,856,858,858.7,859.55,1408309,1210517223,41790
3,HCLTECH,EQ,6-Jun-17,858.7,875.5,909.6,866.1,887.65,889.45,892.48,6626885,5914393113,137280
3,HCLTECH,EQ,7-Jun-17,889.45,893.35,894.9,864.55,879,880.5,878.96,3366974,2959438851,90381
3,HCLTECH,EQ,8-Jun-17,880.5,880,880.4,865,866,868.35,869.84,1415310,1231089912,39217
3,HCLTECH,EQ,9-Jun-17,868.35,866.55,872.9,856.6,859.2,860.75,864.4,1350514,1167384981,52094
3,HCLTECH,EQ,12-Jun-17,860.75,862.8,868.65,852.05,867.4,865.55,860.98,1032713,889143481.3,32381
3,HCLTECH,EQ,13-Jun-17,865.55,862,864.9,842.3,846,847.15,853.59,1243895,1061780771,64083
3,HCLTECH,EQ,14-Jun-17,847.15,849.5,856.05,841,852.6,853.65,847.61,900768,763499121.5,48505
3,HCLTECH,EQ,15-Jun-17,853.65,853,853,841.5,845.7,844.4,843.65,1773645,1496329771,45959
3,HCLTECH,EQ,16-Jun-17,844.4,842,847,835,836.65,839,838.42,1912330,1603342537,62033
3,HCLTECH,EQ,19-Jun-17,839,839.5,845.9,830.3,845.2,842.5,837.9,845428,708386681.5,41612
3,HCLTECH,EQ,20-Jun-17,842.5,845,855.05,843,854.15,854.25,851.26,1041129,886267446.1,40333
3,HCLTECH,EQ,21-Jun-17,854.25,854,854,838.1,843,843.45,842.68,909654,766550383.8,41735
3,HCLTECH,EQ,22-Jun-17,843.45,849,854,836.2,847.15,849.15,847.68,1447792,1227258696,43686
3,HCLTECH,EQ,23-Jun-17,849.15,850,858,842.35,851,851.85,851.38,1080944,920289300.6,37357
3,HCLTECH,EQ,27-Jun-17,851.85,852,859,833.2,836,840.2,847.85,1092395,926186598.4,55938
3,HCLTECH,EQ,28-Jun-17,840.2,838.5,857.25,833.3,846.05,848.4,848.27,1238382,1050482878,42324
3,HCLTECH,EQ,29-Jun-17,848.4,851.9,857,842.5,849.5,847.6,847.86,1492110,1265105373,36773
3,HCLTECH,EQ,30-Jun-17,847.6,848.45,855.95,838.4,851.4,850.9,847.11,1128557,956013822,43676
3,HCLTECH,EQ,3-Jul-17,850.9,852,853.95,832.3,839.8,838.15,837.27,1976838,1655149381,82542
3,HCLTECH,EQ,4-Jul-17,838.15,848.4,849.95,838,841.1,841.55,842.09,990750,834302970.1,25566
3,HCLTECH,EQ,5-Jul-17,841.55,839,841.2,835.1,838,837.5,838.4,1210254,1014681424,53663
3,HCLTECH,EQ,6-Jul-17,837.5,840,842.4,835.7,840.55,840.65,839.68,686530,576465234.9,20490
3,HCLTECH,EQ,7-Jul-17,840.65,840.5,840.5,828.8,832,831.9,832.01,1151617,958153517.9,43966
3,HCLTECH,EQ,10-Jul-17,831.9,834,856.85,830.1,848.55,849.65,846.64,234294,198361677,4274
3,HCLTECH,EQ,11-Jul-17,849.65,845.65,869,845.65,850,850.65,858,1496700,1284163046,37920
3,HCLTECH,EQ,12-Jul-17,850.65,850.1,858.5,846.05,856.05,854,851,602978,513136503.5,44329
3,HCLTECH,EQ,13-Jul-17,854,856.1,863.9,855.5,859.5,858.6,860.37,956409,822867012.7,31337
3,HCLTECH,EQ,14-Jul-17,858.6,860,860.4,845.05,850,850.35,850.17,644058,547559041.5,26324
3,HCLTECH,EQ,17-Jul-17,850.35,849,870,843.9,868.95,868.1,862.84,909007,784324063.7,49203
3,HCLTECH,EQ,18-Jul-17,868.1,869.1,884.3,868.35,880.25,880.7,877.38,988689,867451637.4,46488
3,HCLTECH,EQ,19-Jul-17,880.7,885,899.6,885,898.7,895.4,893.51,1456444,1301353546,45301
3,HCLTECH,EQ,20-Jul-17,895.4,899,899,882.4,884,885.65,887.64,806884,716225383.5,22321
3,HCLTECH,EQ,21-Jul-17,885.65,884,908,884,902.6,904.95,902.72,1241810,1121006710,37012
3,HCLTECH,EQ,24-Jul-17,904.95,904.95,912,901.2,902.2,907.4,907.31,1502220,1362984733,38823
3,HCLTECH,EQ,25-Jul-17,907.4,902,904.9,886,897,895.05,892.63,1792333,1599893298,66968
3,HCLTECH,EQ,26-Jul-17,895.05,893,903.5,884,888,892.7,892.5,1511857,1349333848,33807
3,HCLTECH,EQ,27-Jul-17,892.7,903,928,885.35,899,890.25,907.89,4659826,4230615154,79071
3,HCLTECH,EQ,28-Jul-17,890.25,888,896.9,841,891,893.1,886.22,1521381,1348272744,43090
3,HCLTECH,EQ,31-Jul-17,893.1,888,898,878.45,890.6,892.9,887.99,947283,841177479.7,44889
3,HCLTECH,EQ,1-Aug-17,892.9,889,898,878,888,884.2,882.67,1332277,1175963944,49241
3,HCLTECH,EQ,2-Aug-17,884.2,888,893,876.9,881,882,887.56,829090,735865722.4,33291
3,HCLTECH,EQ,3-Aug-17,882,882.2,884.4,870.95,875.3,875.75,876.27,1272005,1114619376,69279
3,HCLTECH,EQ,4-Aug-17,875.75,875,894.5,873.1,888.8,890.65,886.68,570710,506036988.4,43754
3,HCLTECH,EQ,7-Aug-17,890.65,890,894.7,881.4,886,886,885.86,823485,729488682.7,36779
3,HCLTECH,EQ,8-Aug-17,886,882.6,885.4,876.1,882.5,882,880.98,865948,762886364.4,42682
3,HCLTECH,EQ,9-Aug-17,882,871,884.65,871,879.45,878.75,879.13,535846,471076167.6,31193
3,HCLTECH,EQ,10-Aug-17,878.75,873.05,886,870.8,886,882.9,878.84,846537,743974435.5,46646
3,HCLTECH,EQ,11-Aug-17,882.9,878.1,889.2,864.55,871,872.3,872.03,1692430,1475851753,71544
3,HCLTECH,EQ,14-Aug-17,872.3,873,878.4,856.05,862,860.1,867.49,404049,350507672,21082
3,HCLTECH,EQ,16-Aug-17,860.1,864,868.65,851,866.9,864.5,858.44,1125005,965749562,29381
3,HCLTECH,EQ,17-Aug-17,864.5,872.4,875.1,860.75,873.35,871.4,870.1,801175,697099249.4,33883
3,HCLTECH,EQ,18-Aug-17,871.4,873.85,884.7,863.55,876,876.25,877.21,1064955,934185147.4,52276
3,HCLTECH,EQ,21-Aug-17,876.25,877.75,885,870.2,871.5,874.05,877.87,669837,588030523.4,33935
3,HCLTECH,EQ,22-Aug-17,874.05,881,886.25,873.3,877.3,875.85,879.98,753231,662830748.4,41372
3,HCLTECH,EQ,23-Aug-17,875.85,877.9,882.95,863,882.5,880,872.47,754889,658618373.5,36863
3,HCLTECH,EQ,24-Aug-17,880,884,884,866,866.2,867.5,872.27,812123,708389161,42616
3,HCLTECH,EQ,28-Aug-17,867.5,868.3,874.55,857.85,869.7,867.65,869.01,896254,778855092,37719
3,HCLTECH,EQ,29-Aug-17,867.65,868,869.6,850,851.15,852.55,852.91,972794,829709657.3,46355
3,HCLTECH,EQ,30-Aug-17,852.55,857,858,843.25,852,849.2,847.08,1693925,1434885515,72535
3,HCLTECH,EQ,31-Aug-17,849.2,850,870.4,840.2,855,865.3,856.22,2509541,2148711233,72861
3,HCLTECH,EQ,1-Sep-17,865.3,863.6,885,855,867.65,865.75,862.23,800259,690005468.6,43786
3,HCLTECH,EQ,4-Sep-17,865.75,873.9,873.9,857,857.5,860.6,863.21,574971,496320300.8,22212
3,HCLTECH,EQ,5-Sep-17,860.6,858,862.5,848.4,860,859.9,856.3,547807,469086207.6,22337
3,HCLTECH,EQ,6-Sep-17,859.9,863,872,846.2,852,851.05,860.43,829386,713632555.8,26371
3,HCLTECH,EQ,7-Sep-17,851.05,857.4,863.7,851.25,858.05,859.3,854.12,1474659,1259531953,58447
3,HCLTECH,EQ,8-Sep-17,859.3,866.9,869.5,856.1,859.8,859.5,863.16,1160052,1001310765,51309
3,HCLTECH,EQ,11-Sep-17,859.5,862,867.3,852,862.45,860.7,860.22,719804,619188205.2,26176
3,HCLTECH,EQ,12-Sep-17,860.7,867,867,856.15,862,864.05,860.68,849369,731035919.2,17219
3,HCLTECH,EQ,13-Sep-17,864.05,864,875,861.7,874.1,871.3,867.83,1118654,970796782.2,38710
3,HCLTECH,EQ,14-Sep-17,871.3,876,882.05,871.3,881.1,880.8,879.08,1163826,1023101401,36318
3,HCLTECH,EQ,15-Sep-17,880.8,881.8,893.35,868.3,891,887.05,882.58,1751190,1545573875,60925
3,HCLTECH,EQ,18-Sep-17,887.05,890,898.5,889,896.3,897.35,896.57,680969,610533143.7,36891
3,HCLTECH,EQ,19-Sep-17,897.35,898,898,889.25,892,893.65,893.09,547863,489289853.6,13030
3,HCLTECH,EQ,20-Sep-17,893.65,895,896.65,885,890,889.45,889.81,896483,797700565.3,30217
3,HCLTECH,EQ,21-Sep-17,889.45,890.8,894,869.05,871.95,870.3,875.46,2598761,2275122490,54086
3,HCLTECH,EQ,22-Sep-17,870.3,870,890,869.6,882.9,884.45,884.38,3140767,2777627550,56591
3,HCLTECH,EQ,25-Sep-17,884.45,880,884,870.1,874,874.05,875.63,1775448,1554627575,78481
3,HCLTECH,EQ,26-Sep-17,874.05,878.9,886.9,864.3,871.9,873.65,873.06,1723425,1504658770,82469
3,HCLTECH,EQ,27-Sep-17,873.65,875.95,880.95,872.1,873,874.65,874.86,1270941,1111897435,53242
3,HCLTECH,EQ,28-Sep-17,874.65,874.65,880.75,861.65,880,875.2,874.41,3096534,2707625238,100729
3,HCLTECH,EQ,29-Sep-17,875.2,877,886.25,866.7,871,874.8,873.66,1180135,1031041598,54643
3,HCLTECH,EQ,3-Oct-17,874.8,878.45,887.45,876.75,884,882.55,882.32,1342122,1184185037,80474
3,HCLTECH,EQ,4-Oct-17,882.55,883.9,888.45,878,886.05,886.6,884.81,620450,548977360.5,22028
3,HCLTECH,EQ,5-Oct-17,886.6,888,901.7,885.15,894,893.15,897.93,1776088,1594795807,33979
3,HCLTECH,EQ,6-Oct-17,893.15,887.8,909,887.8,904.95,907.9,906.19,1820474,1649700143,74400
3,HCLTECH,EQ,9-Oct-17,907.9,907.75,907.75,897.45,902,902.8,902.88,603231,544645388.6,14371
3,HCLTECH,EQ,10-Oct-17,902.8,905,917,897.1,899.1,899.6,909.12,1711580,1556035733,51791
3,HCLTECH,EQ,11-Oct-17,899.6,899.5,916,899.5,909.95,908.95,909.23,2168747,1971892048,62680
3,HCLTECH,EQ,12-Oct-17,908.95,912,920,906.3,917,916,915.63,1038312,950710744,36076
3,HCLTECH,EQ,13-Oct-17,916,919.75,936,913.9,929.3,926.5,924.31,1105342,1021684079,56097
3,HCLTECH,EQ,16-Oct-17,926.5,926.5,932.9,920,923.7,923,924.79,825577,763482102.6,44860
3,HCLTECH,EQ,17-Oct-17,923,918.3,933.85,918.3,923,923.3,924.79,480212,444093411.9,29010
3,HCLTECH,EQ,18-Oct-17,923.3,926,931,917.8,923,923.7,924.05,580343,536265229.9,31321
3,HCLTECH,EQ,19-Oct-17,923.7,916.6,926,916.6,924,922.3,921.33,29194,26897289.75,1220
3,HCLTECH,EQ,23-Oct-17,922.3,922.8,943.8,922.1,940,937.25,936.06,1798697,1683683200,65027
3,HCLTECH,EQ,24-Oct-17,937.25,939,939.5,908.05,912.9,914.55,922.36,1577826,1455327710,66126
3,HCLTECH,EQ,25-Oct-17,914.55,894.4,924,876,903.15,907.05,898.99,3073840,2763336485,72709
3,HCLTECH,EQ,26-Oct-17,907.05,906.75,910,858,865,869.05,870.12,5782571,5031518762,119822
3,HCLTECH,EQ,27-Oct-17,869.05,870.05,871.8,852.25,856.95,854.95,860.92,2296184,1976823375,61513
3,HCLTECH,EQ,30-Oct-17,854.95,860,863.45,832,838.75,836.35,841.06,3625726,3049439396,58912
3,HCLTECH,EQ,31-Oct-17,836.35,840,860.65,837,855.3,855.8,852.06,1479364,1260505812,65548
3,HCLTECH,EQ,1-Nov-17,855.8,860,860.65,838,841,840.65,843.39,1628831,1373746794,50525
3,HCLTECH,EQ,2-Nov-17,840.65,844.4,860,841.15,858.05,857.9,854.09,1482841,1266472923,83311
3,HCLTECH,EQ,3-Nov-17,857.9,860,860,844.95,848.2,847.15,849.48,1380586,1172775472,34713
3,HCLTECH,EQ,6-Nov-17,847.15,852,855.25,837.6,843.95,845.05,843.57,1136684,958867930,43831
3,HCLTECH,EQ,7-Nov-17,845.05,850,880,844.3,877,876.75,871.88,2980306,2598470296,115102
3,HCLTECH,EQ,8-Nov-17,876.75,882,884.75,865.35,877.35,878.6,872.29,1910907,1666861548,66820
3,HCLTECH,EQ,9-Nov-17,878.6,879.5,888.45,872.45,878,875.95,880.15,800226,704322510.9,31012
3,HCLTECH,EQ,10-Nov-17,875.95,880.95,880.95,862.7,868.8,867.05,867.16,1535400,1331433031,74605
3,HCLTECH,EQ,13-Nov-17,867.05,864.5,878.4,864.5,870,869.5,870.23,2661020,2315694002,88399
3,HCLTECH,EQ,14-Nov-17,869.5,868,884.85,866.1,869.5,869.8,873.73,1006447,879358706.3,66261
3,HCLTECH,EQ,15-Nov-17,869.8,877,877,846,848,848.35,853.44,1561073,1332286732,58675
3,HCLTECH,EQ,16-Nov-17,848.35,849.7,858.7,838.7,853,851.9,849.56,1090535,926478276.7,56932
3,HCLTECH,EQ,17-Nov-17,851.9,848.9,856.2,838.5,840.2,840,843.57,1548494,1306268824,48982
3,HCLTECH,EQ,20-Nov-17,840,843,848.45,836.9,842.75,842.15,841.11,1130239,950658012.8,41797
3,HCLTECH,EQ,21-Nov-17,842.15,843.1,846.2,835.1,840,837.7,838.03,1493571,1251653338,50251
3,HCLTECH,EQ,22-Nov-17,837.7,838.55,844.3,834.4,841,842.15,838.99,1134718,952021244.8,33255
3,HCLTECH,EQ,23-Nov-17,842.15,848,856,842.2,853,853.7,851.75,1166224,993330773.8,33986
3,HCLTECH,EQ,24-Nov-17,853.7,855,863.5,855,860,858.4,859.18,823378,707430606.6,31934
3,HCLTECH,EQ,27-Nov-17,858.4,857.5,863,853.1,862.1,860.7,858.15,796370,683408160.9,34159
3,HCLTECH,EQ,28-Nov-17,860.7,861,864.05,856.8,858,859.25,859.45,1054325,906141977.1,44821
3,HCLTECH,EQ,29-Nov-17,859.25,860,862.95,846.15,850,853.15,855.66,761835,651874488.1,24381
3,HCLTECH,EQ,30-Nov-17,853.15,850,857.9,842.3,846.1,848,848.63,3411303,2894950364,111371
3,HCLTECH,EQ,1-Dec-17,848,847,849.95,827.1,832.15,830,835.19,1384262,1156127107,52187
3,HCLTECH,EQ,4-Dec-17,830,836,849.7,824.85,848.9,847.95,842.08,896884,755250646.6,54077
3,HCLTECH,EQ,5-Dec-17,847.95,847.9,852.9,839.1,843.5,848,846.78,990049,838353553.6,22007
3,HCLTECH,EQ,6-Dec-17,848,845.5,860.15,845,856.05,858.6,854.15,1589728,1357869666,69192
3,HCLTECH,EQ,7-Dec-17,858.6,860.15,867,853.6,865.3,863.5,860.05,1225073,1053618530,55802
3,HCLTECH,EQ,8-Dec-17,863.5,869.7,872.8,863.4,870.9,870.45,869.29,869923,756218667.7,44104
3,HCLTECH,EQ,11-Dec-17,870.45,874.5,882,871.75,881,880,877.9,798504,701009054.9,54151
3,HCLTECH,EQ,12-Dec-17,880,881,881.8,870.25,873.95,875.2,875.68,1460812,1279200057,56508
3,HCLTECH,EQ,13-Dec-17,875.2,870,873.55,863.05,866.2,866.35,866.24,4304970,3729137054,60913
3,HCLTECH,EQ,14-Dec-17,866.35,863,885.05,862.2,883.95,882.85,878.38,3182520,2795468982,92603
3,HCLTECH,EQ,15-Dec-17,882.85,888.9,896.45,885,891.85,891.8,891.49,2234611,1992129513,115333
3,HCLTECH,EQ,18-Dec-17,891.8,888.1,891.75,875.75,880.65,885,885.31,1307831,1157832503,81210
3,HCLTECH,EQ,19-Dec-17,885,889,889,865,872,869.45,870.82,1985594,1729086393,50647
3,HCLTECH,EQ,20-Dec-17,869.45,870,875,864,870.25,869.85,870.22,1054872,917972010.9,59103
3,HCLTECH,EQ,21-Dec-17,869.85,874,892,871.45,888,890.25,884.36,1429683,1264355388,61393
3,HCLTECH,EQ,22-Dec-17,890.25,891,892.9,878.1,885,886.9,885.11,1052037,931166580.8,49244
3,HCLTECH,EQ,26-Dec-17,886.9,882.1,893.3,882.05,886.05,888.45,887.7,1063568,944128290,22525
3,HCLTECH,EQ,27-Dec-17,888.45,886,891.6,880.55,882,883.65,884.94,400810,354694704.7,23089
3,HCLTECH,EQ,28-Dec-17,883.65,882,890.85,875.6,877.85,878.3,879.41,1159863,1019995712,45871
3,HCLTECH,EQ,29-Dec-17,878.3,878.3,901.75,875,895.95,890.5,891.16,1546925,1378556459,40882
3,HCLTECH,EQ,1-Jan-18,890.5,889,890.7,875.95,876.9,878.7,880.44,643144,566249302.1,11023
3,HCLTECH,EQ,2-Jan-18,878.7,876.9,895,876.85,894,892.8,888.24,953259,846726146.6,51942
3,HCLTECH,EQ,3-Jan-18,892.8,893,907.8,893,896,897.3,901.75,1291953,1165024292,64270
3,HCLTECH,EQ,4-Jan-18,897.3,896,899.45,883.05,893.15,893.1,888.67,596730,530295125.3,30336
3,HCLTECH,EQ,5-Jan-18,893.1,888.25,903,882.3,899.5,900.05,896.74,746146,669098701.5,45776
3,HCLTECH,EQ,8-Jan-18,900.05,900.15,903.4,895.1,896.15,900.5,899.02,1176584,1057772723,57038
3,HCLTECH,EQ,9-Jan-18,900.5,900.5,902.85,885,893.7,893.85,892,1252135,1116903661,72608
3,HCLTECH,EQ,10-Jan-18,893.85,892,918,891.1,915.9,915.85,906.26,1700286,1540897747,82980
3,HCLTECH,EQ,11-Jan-18,915.85,919,924.9,910.05,914,916.9,918.48,2121723,1948757528,77416
3,HCLTECH,EQ,12-Jan-18,916.9,918.5,928,912.25,926.75,925.9,921.46,990349,912569031.2,45381
3,HCLTECH,EQ,15-Jan-18,925.9,925,931.1,905.5,909.85,909.25,914.44,1268243,1159730467,46713
3,HCLTECH,EQ,16-Jan-18,909.25,914.1,955,910,949.3,949.25,946.8,4481702,4243262298,84602
3,HCLTECH,EQ,17-Jan-18,949.25,950,963.6,943.3,955,952.85,954.27,2749461,2623716316,95457
3,HCLTECH,EQ,18-Jan-18,952.85,953,959.65,940.5,957.25,954.25,952.13,934750,890001605.5,42013
3,HCLTECH,EQ,19-Jan-18,954.25,957,967,946.15,958.3,958.3,957.42,2374219,2273115552,68227
3,HCLTECH,EQ,22-Jan-18,958.3,960,974.9,945,972,966.35,955.5,2215659,2117058622,60848
3,HCLTECH,EQ,23-Jan-18,966.35,969.95,1000,968.55,994.9,995.35,988.89,2507601,2479737224,73593
3,HCLTECH,EQ,24-Jan-18,995.35,994,1040.7,992,1020,1018.45,1021.46,4634888,4734354680,158184
3,HCLTECH,EQ,25-Jan-18,1018.45,1018.8,1020,990.05,1020,1009.55,1005.45,2653727,2668184644,69123
3,HCLTECH,EQ,29-Jan-18,1009.55,1010,1021,1005.05,1005.75,1012.05,1015.15,2006648,2037047218,77146
3,HCLTECH,EQ,30-Jan-18,1012.05,1017.5,1017.5,998,1000,1000.4,1002.93,1355676,1359653986,40486
3,HCLTECH,EQ,31-Jan-18,1000.4,999.95,1017.9,981.7,984.05,986.55,997.58,1610572,1606671902,44282
3,HCLTECH,EQ,1-Feb-18,986.55,982.1,1014.95,969,991.85,984.9,990.26,1527829,1512946532,47039
3,HCLTECH,EQ,2-Feb-18,984.9,980,1007.7,977.85,991.25,990.9,992.3,1672528,1659649906,53983
3,HCLTECH,EQ,5-Feb-18,990.9,990,1001.8,980,992.3,993.15,990.3,1088789,1078232309,61662
3,HCLTECH,EQ,6-Feb-18,993.15,964.95,968.75,948.05,952.3,953.85,955.47,1655497,1581769849,52230
3,HCLTECH,EQ,7-Feb-18,953.85,958.2,959,922,938.25,938.55,936.93,2025848,1898080595,90362
3,HCLTECH,EQ,8-Feb-18,938.55,945.75,963,937.5,942.3,944.35,952.32,1448268,1379216596,48753
3,HCLTECH,EQ,9-Feb-18,944.35,935,970.6,922.55,965.5,964,952.42,1728253,1646014729,69931
3,HCLTECH,EQ,12-Feb-18,964,965.5,972.75,937.35,940,939.15,945.95,1487794,1407373907,50589
3,HCLTECH,EQ,14-Feb-18,939.15,939.8,959.8,930.3,934,937.8,947.48,1444766,1368891814,51442
3,HCLTECH,EQ,15-Feb-18,937.8,944,949.65,932,941,939.7,940.81,1140921,1073389051,20082
3,HCLTECH,EQ,16-Feb-18,939.7,945,970.95,931,933,937.1,952.34,2849070,2713282300,77819
3,HCLTECH,EQ,19-Feb-18,937.1,937.85,939.7,900.1,914,914.2,915.3,1462773,1338874108,41425
3,HCLTECH,EQ,20-Feb-18,914.2,916,925.2,905,908.05,907.45,913.4,1231401,1124757979,41010
3,HCLTECH,EQ,21-Feb-18,907.45,918,947.8,912,945,942.9,931.47,2784756,2593906469,87368
3,HCLTECH,EQ,22-Feb-18,942.9,943,963,931.55,945.05,941,948.39,4093287,3882023469,90899
3,HCLTECH,EQ,23-Feb-18,941,948.9,967.9,942.9,953,955.6,959.09,2837583,2721498650,102834
3,HCLTECH,EQ,26-Feb-18,955.6,955.9,965.1,943.05,948.95,946.05,955.98,1056056,1009567539,51904
3,HCLTECH,EQ,27-Feb-18,946.05,953,958.6,944,952,949.9,950.68,1439714,1368710409,48870
3,HCLTECH,EQ,28-Feb-18,949.9,954.9,958.35,935.8,941,940.3,945.28,2559774,2419703332,96290
3,HCLTECH,EQ,1-Mar-18,940.3,943.8,952.45,938,942.3,942.8,945.1,1386115,1310022221,50358
3,HCLTECH,EQ,5-Mar-18,942.8,942.8,944.65,917.8,937.9,932.1,925.64,1873852,1734506957,94555
3,HCLTECH,EQ,6-Mar-18,932.1,938,953,926.5,931,932.8,944.32,1464878,1383319913,55262
3,HCLTECH,EQ,7-Mar-18,932.8,938,952.8,933.8,950,949.55,947.56,2847610,2698282758,65111
3,HCLTECH,EQ,8-Mar-18,949.55,953,964,945.55,949.5,950.65,954.89,2119175,2023584984,91375
3,HCLTECH,EQ,9-Mar-18,950.65,950,955.85,940,945.3,943,948.92,732364,694951460,49856
3,HCLTECH,EQ,12-Mar-18,943,950,976,949,967.5,967.65,969.98,2473118,2398880436,111161
3,HCLTECH,EQ,13-Mar-18,967.65,967.65,969,945.6,960,957,958.62,1256754,1204752951,43568
3,HCLTECH,EQ,14-Mar-18,957,962,968.15,960,965,965.05,964.44,1177041,1135187765,43811
3,HCLTECH,EQ,15-Mar-18,965.05,968,972.6,955.25,957.15,959.15,960.42,1295077,1243819423,23434
3,HCLTECH,EQ,16-Mar-18,959.15,960,979.55,947.05,962.2,967.6,963.58,4741036,4568372668,107529
3,HCLTECH,EQ,19-Mar-18,967.6,962.7,963.6,921,923,926.5,937.89,1659374,1556318082,59994
3,HCLTECH,EQ,20-Mar-18,926.5,925,947.75,915.6,940.85,937.2,934.68,1853893,1732804944,88108
3,HCLTECH,EQ,21-Mar-18,937.2,945,949.9,926.45,940.1,937.35,939.2,1909490,1793399338,90636
3,HCLTECH,EQ,22-Mar-18,937.35,941,948.9,925,927,930.55,934.7,1547643,1446583938,94630
3,HCLTECH,EQ,23-Mar-18,930.55,905,960.55,903.55,956.6,957.4,945.14,2739036,2588776567,81571
